2011 Local Government Area Code (LGA),2011 Local Government Area Name (LGA),Usual Resident Population,Score,RankAU,DecileAU,PercentileAU,StateSTATE,RankSTATE,DecileSTATE,PercentileSTATE,Minimum score for SA1s in area,Maximum score for SA1s in area,% Usual Resident Population without a SA1 level score
10050,Albury (C),47851,964.288115,180,4,32,NSW,51,4,34,647.011639,1197.253471,0.000480659
10110,Armidale Dumaresq (A),24121.92784,954.1364775,137,3,25,NSW,32,3,21,711.6063629,1123.282524,0.035610752
10150,Ashfield (A),41216,961.7733895,167,3,30,NSW,45,3,30,812.645174,1129.319082,0
10200,Auburn (C),73744,931.3302332,86,2,16,NSW,12,1,8,738.8209963,1179.353387,0.020069429
10250,Ballina (A),39263.32743,986.2120741,303,6,54,NSW,93,7,61,484.4615353,1127.665641,0.000331098
10300,Balranald (A),2283.865542,968.5894746,207,4,37,NSW,61,4,40,930.9111397,1044.318003,0
10350,Bankstown (C),182366.001,960.8812516,165,3,30,NSW,44,3,29,606.8677083,1135.360035,0.002719805
10470,Bathurst Regional (A),38514.20244,993.858716,339,7,61,NSW,101,7,66,675.5332981,1175.128026,0.02889843
10550,Bega Valley (A),31951.1223,974.0593999,237,5,42,NSW,75,5,49,788.1546287,1109.030882,0.000359091
10600,Bellingen (A),12524.01925,956.6034165,145,3,26,NSW,35,3,23,803.7039985,1043.428991,0
10650,Berrigan (A),8067,964.8741343,184,4,33,NSW,53,4,35,868.1248697,1077.57888,0
10750,Blacktown (C),301124.9957,995.1468084,347,7,62,NSW,102,7,67,571.2032902,1241.076014,0.002819413
10800,Bland (A),5868.056805,996.5688489,356,7,64,NSW,106,7,69,881.9171249,1085.859195,0
10850,Blayney (A),6979.894084,1009.489053,409,8,73,NSW,117,8,76,824.2683353,1144.301279,0
10900,Blue Mountains (C),75930.03422,1029.557332,472,9,84,NSW,130,9,85,793.028875,1176.951442,0.00126478
10950,Bogan (A),2896.53664,959.5289511,156,3,28,NSW,41,3,27,842.0843127,1104.169793,0
11000,Bombala (A),2410.523821,969.5026789,216,4,39,NSW,66,5,43,893.4847905,1029.743004,0.000633322
11050,Boorowa (A),2397,985.1937594,299,6,53,NSW,91,6,60,927.0080857,1093.506971,0
11100,Botany Bay (C),39377.99601,962.3901686,172,4,31,NSW,47,4,31,551.9207067,1104.875425,0.001117274
11150,Bourke (A),2869.998999,923.979666,74,2,14,NSW,9,1,6,798.3004247,1031.846157,0
11200,Brewarrina (A),1766.513948,792.6844357,35,1,7,NSW,1,1,1,567.2308819,980.8674169,0
11250,Broken Hill (C),18521,917.3095405,61,2,11,NSW,6,1,4,812.5727535,1047.332589,0
11300,Burwood (A),32428,956.3603789,144,3,26,NSW,34,3,23,743.7105714,1098.296416,0
11350,Byron (A),29232.85554,967.3866479,197,4,35,NSW,57,4,38,786.3729443,1103.024486,0.001128867
11400,Cabonne (A),12836.24641,1026.797673,464,9,83,NSW,128,9,84,854.2448234,1183.186545,0
11450,Camden (A),56724.0001,1094.051638,552,10,98,NSW,149,10,97,843.709261,1276.408084,0.000370233
11500,Campbelltown (C),145938.2727,968.6081075,208,4,37,NSW,62,5,41,518.5803954,1196.905248,0.005961417
11520,Canada Bay (A),75750.00197,1030.411858,475,9,85,NSW,131,9,86,815.840779,1148.271461,0.000778878
11550,Canterbury (C),137406.206,932.6441211,89,2,16,NSW,13,1,9,547.7573318,1113.129154,0.000232886
11600,Carrathool (A),2579.716616,983.7508219,290,6,52,NSW,87,6,57,923.4967875,1061.628417,0
11700,Central Darling (A),1989,842.5254942,36,1,7,NSW,2,1,2,527.1251415,1017.581608,0
11720,Cessnock (C),50818.04036,972.3012013,228,5,41,NSW,71,5,47,610.7050839,1159.93429,0.016175358
11730,Clarence Valley (A),49680.99701,945.4869107,113,3,21,NSW,22,2,15,741.8075885,1115.487232,0.006763149
11750,Cobar (A),4726.936487,970.6987522,220,4,39,NSW,69,5,45,574.3713265,1104.169793,0
11800,Coffs Harbour (C),68428.003,959.6479496,157,3,28,NSW,42,3,28,631.4186667,1121.327696,0.001256795
11860,Conargo (A),1535,1053.150128,519,10,92,NSW,139,10,91,995.7491859,1075.176209,0
12000,Coolamon (A),4107,999.8196439,367,7,65,NSW,107,7,70,870.704863,1107.952703,0
12050,Cooma-Monaro (A),9767.418097,987.1828445,307,6,55,NSW,94,7,62,843.8713879,1168.840205,0.001417892
12150,Coonamble (A),4039.256335,915.904568,60,2,11,NSW,5,1,4,784.1913952,1122.623307,0
12200,Cootamundra (A),7344.162581,964.5466398,182,4,33,NSW,52,4,34,813.2421813,1108.96119,0
12300,Corowa Shire (A),10997,977.7861915,259,5,46,NSW,82,6,54,876.3495906,1060.480755,0.001454942
12350,Cowra (A),12155.12622,949.5030593,128,3,23,NSW,27,2,18,731.4794936,1100.510988,0.000658159
12500,Deniliquin (A),7125,948.1156004,122,3,22,NSW,26,2,17,729.5947263,1127.597586,0.000701754
12600,Dubbo (C),38825.80561,985.3092149,300,6,54,NSW,92,6,60,555.5858885,1181.556787,0
12700,Dungog (A),8318,1019.528133,445,8,79,NSW,124,9,81,879.8891176,1133.652642,0
12750,Eurobodalla (A),35773.07074,962.0483006,171,4,31,NSW,46,3,30,597.4937462,1104.968373,0.000782712
12850,Fairfield (C),187792.7584,938.4971633,96,2,17,NSW,17,2,12,633.4494644,1202.499016,0.000431327
12900,Forbes (A),9165.3381,960.3585974,162,3,29,NSW,43,3,28,728.8845279,1105.23373,0
12950,Gilgandra (A),4355.264448,945.9373386,115,3,21,NSW,23,2,15,807.1168506,1080.581123,0
13010,Glen Innes Severn (A),8658,943.1309447,106,2,19,NSW,20,2,13,826.0997807,1097.824442,0
13050,Gloucester (A),4867.057338,973.7559491,235,5,42,NSW,73,5,48,863.2267752,1069.907411,0.004725648
13100,Gosford (C),162459.999,1004.160186,389,7,69,NSW,114,8,75,616.0465721,1190.101948,0.007134064
13310,Goulburn Mulwaree (A),27453.40904,970.5682122,219,4,39,NSW,68,5,45,707.9481404,1161.136838,0.02036177
13320,Great Lakes (A),34434.97493,952.6324625,132,3,24,NSW,30,2,20,578.0224637,1098.545308,0.000784087
13340,Greater Hume Shire (A),9814.137229,1009.892858,412,8,73,NSW,118,8,77,906.9189779,1128.112734,0.001528407
13380,Greater Taree (C),46551.06278,941.6171346,103,2,19,NSW,19,2,13,577.54288,1108.624269,0.000150373
13450,Griffith (C),24380.40406,977.1064421,255,5,46,NSW,81,6,53,599.3470085,1146.870775,0.001107447
13500,Gundagai (A),3656.107241,991.8788104,333,6,59,NSW,98,7,64,909.874041,1079.446105,0
13550,Gunnedah (A),12079.001,967.752492,201,4,36,NSW,59,4,39,825.9695149,1123.49294,0
13650,Guyra (A),4393.464511,963.7918289,176,4,32,NSW,50,4,33,799.4982785,1081.217564,0
13660,Gwydir (A),4953.193058,967.5276836,199,4,36,NSW,58,4,38,883.2250038,1076.61487,0
13700,Harden (A),3573.757691,967.2434691,196,4,35,NSW,56,4,37,878.225649,1060.386246,0
13800,Hawkesbury (C),62323.94955,1045.85278,504,9,90,NSW,135,9,88,747.1098513,1217.882565,0.00364226
13850,Hay (A),2939.965291,945.1713493,112,2,20,NSW,21,2,14,864.3941131,1061.628417,0
13950,Holroyd (C),99174.21219,963.1555894,174,4,31,NSW,48,4,32,729.4624617,1289.994882,0.000151249
14000,Hornsby (A),156862.4359,1082.781151,547,10,97,NSW,146,10,95,805.034894,1224.206064,0.001064627
14100,Hunters Hill (A),13221,1077.827806,542,10,96,NSW,144,10,94,826.5276229,1159.817733,0.042281219
14150,Hurstville (C),78827.79396,993.6929111,337,6,60,NSW,99,7,65,734.7175094,1144.595927,0.000444006
14200,Inverell (A),16078.01439,947.1355572,119,3,22,NSW,24,2,16,702.2081672,1108.955033,0
14250,Jerilderie (A),1492,1005.122594,392,7,70,NSW,115,8,75,887.8904052,1143.432918,0
14300,Junee (A),5880.851358,974.0770794,239,5,43,NSW,77,6,51,893.0040288,1163.19878,0.133484074
14350,Kempsey (A),28126.47463,923.5026256,72,2,13,NSW,7,1,5,601.6921707,1097.10045,0.016959111
14400,Kiama (A),19992.79785,1045.885337,505,9,90,NSW,136,9,89,880.1548979,1145.919011,0.000200072
14450,Kogarah (C),55792,1018.388195,444,8,79,NSW,123,8,80,8.28E+02,1160.474974,5.37711E-05
14500,Ku-ring-gai (A),109279.4794,1127.70936,563,10,100,NSW,152,10,99,8.93E+02,1215.421974,2.74525E-05
14550,Kyogle (A),9231.498626,937.4662844,94,2,17,NSW,15,1,10,514.7154346,1041.027121,0
14600,Lachlan (A),6469.683743,958.9325074,154,3,28,NSW,40,3,26,809.0288963,1096.237113,0.008346621
14650,Lake Macquarie (C),188984.9993,1003.071692,385,7,69,NSW,113,8,74,594.7290659,1211.452302,0.005090348
14700,Lane Cove (A),31524,1070.584378,538,10,96,NSW,142,10,93,885.4202738,1216.375507,0
14750,Leeton (A),11014.37487,975.8061333,249,5,45,NSW,80,6,52,810.1650523,1114.674503,0.001906599
14800,Leichhardt (A),52195.98194,1026.612385,463,9,82,NSW,127,9,83,687.9242594,1141.430667,0.001781746
14850,Lismore (C),42770.43057,949.7254216,129,3,23,NSW,28,2,19,6.53E+02,1164.792992,9.35226E-05
14870,Lithgow (C),20142.04009,953.6722771,135,3,24,NSW,31,3,21,684.0752985,1187.950561,0.015738227
14900,Liverpool (C),180172.0712,1002.334512,381,7,68,NSW,111,8,73,464.1338918,1219.525585,0.003091484
14920,Liverpool Plains (A),7489.982364,957.1171338,146,3,26,NSW,36,3,24,665.7032218,1076.925216,0
14950,Lockhart (A),3005.859638,1018.179154,440,8,78,NSW,121,8,79,940.4371653,1138.335947,0.000998051
15050,Maitland (C),67443.29651,1013.839077,427,8,76,NSW,120,8,78,666.872814,1213.132873,0.000207582
15150,Manly (A),39737.00099,1058.267286,524,10,93,NSW,140,10,91,840.3771476,1180.236512,0.000377482
15200,Marrickville (A),76448.42374,968.9467717,211,4,38,NSW,63,5,41,598.7387621,1089.59722,0.000960435
15270,Mid-Western Regional (A),22299.79603,983.6459155,288,6,51,NSW,86,6,56,772.9572525,1149.371619,0
15300,Moree Plains (A),13415.21234,928.5195734,81,2,15,NSW,10,1,7,515.2210041,1138.935754,0.000372711
15350,Mosman (A),27462,1064.791974,531,10,94,NSW,141,10,92,890.0070581,1180.856318,0.000218484
15500,Murray (A),6966,995.326237,348,7,62,NSW,103,7,67,535.2447288,1107.870374,0
15550,Murrumbidgee (A),2262.000994,958.7401425,152,3,27,NSW,38,3,25,893.3508,1074.027443,0
15650,Muswellbrook (A),15789,993.7963538,338,6,60,NSW,100,7,65,706.2024279,1151.813784,0
15700,Nambucca (A),18641.98075,923.5043578,73,2,13,NSW,8,1,6,725.7813292,1050.98388,0.005847018
15750,Narrabri (A),12943.999,966.4551598,193,4,35,NSW,55,4,36,776.6623639,1116.284857,0.001004326
15800,Narrandera (A),5897.481366,948.0479901,121,3,22,NSW,25,2,17,856.2959918,1101.406017,0
15850,Narromine (A),6583.049705,950.8905543,131,3,24,NSW,29,2,19,768.0353699,1099.129822,0
15900,Newcastle (C),148541.7817,965.2892996,186,4,33,NSW,54,4,36,494.7286781,1207.848157,0.007600565
15950,North Sydney (A),62300.1597,1001.771637,379,7,68,NSW,110,8,72,692.2089839,1161.954774,0.000048154
16100,Oberon (A),5026.959607,1006.138212,398,8,71,NSW,116,8,76,816.3805697,1091.445769,0.0019895
16150,Orange (C),38049,984.1808652,292,6,52,NSW,88,6,58,669.6610032,1169.491521,0.004047413
16180,Palerang (A),14345.06062,1109.447546,561,10,100,NSW,151,10,99,943.1356261,1259.937001,0
16200,Parkes (A),14588.69403,957.2495573,148,3,27,NSW,37,3,25,780.9337401,1132.428945,0
16250,Parramatta (C),166935.2157,958.8968801,153,3,28,NSW,39,3,26,649.3689522,1212.527931,0.005942451
16350,Penrith (C),178468.657,1018.246368,441,8,79,NSW,122,8,80,577.2659788,1248.463459,0.004852393
16370,Pittwater (A),57171,1108.90497,560,10,100,NSW,150,10,98,9.52E+02,1181.249869,5.24742E-05
16380,Port Macquarie-Hastings (A),72700.08536,975.4173839,245,5,44,NSW,79,6,52,707.4822245,1138.630037,0.000674002
16400,Port Stephens (A),64778.8196,995.5059876,350,7,62,NSW,104,7,68,610.7044054,1205.077006,0.004059969
16470,Queanbeyan (C),37992.15183,1046.421826,509,10,91,NSW,137,9,89,793.3823941,1260.231639,0.00150031
16550,Randwick (C),129015,980.2451143,271,5,48,NSW,84,6,55,530.7236464,1213.111855,0.025330388
16610,Richmond Valley (A),22057.88784,939.6855044,97,2,18,NSW,18,2,12,730.7887574,1099.263493,0.000181341
16650,Rockdale (C),97291.003,978.0780956,261,5,47,NSW,83,6,54,781.5385694,1133.733856,0.000318663
16700,Ryde (C),103039,1011.530357,417,8,74,NSW,119,8,78,635.1214212,1159.421729,0.014635235
16900,Shellharbour (C),63587,995.5062705,351,7,63,NSW,105,7,69,712.3340514,1205.322037,0.000424615
16950,Shoalhaven (C),92784.28763,969.3077243,213,4,38,NSW,65,5,43,599.2331463,1153.042745,0.003060863
17000,Singleton (A),22726.88316,1047.676534,510,10,91,NSW,138,9,90,755.2830324,1201.615074,0
17050,Snowy River (A),7508.591447,1024.560351,455,9,81,NSW,125,9,82,923.8583722,1110.370096,0.019331303
17100,Strathfield (A),35221.99704,987.4428486,310,6,55,NSW,95,7,62,751.5537717,1172.379746,0.001561524
17150,Sutherland Shire (A),210759.002,1075.843506,541,10,96,NSW,143,10,93,726.6774157,1222.86164,0.000498204
17200,Sydney (C),169522.5953,893.7808722,53,1,10,NSW,4,1,3,495.7332823,1195.408403,0.012650687
17310,Tamworth Regional (A),56339.83094,974.0640017,238,5,43,NSW,76,5,50,646.6952214,1163.590672,0.006425294
17350,Temora (A),5757.730178,968.9484242,212,4,38,NSW,64,5,42,843.6865838,1121.624204,0
17400,Tenterfield (A),6804,936.540859,92,2,17,NSW,14,1,10,531.8231428,1068.994185,0
17420,The Hills Shire (A),169809.9536,1128.849804,564,10,100,NSW,153,10,100,846.3043731,1264.339094,0.000323892
17450,Tumbarumba (A),3364.000986,980.3759411,272,5,49,NSW,85,6,56,892.4911093,1088.159022,0.003864446
17500,Tumut Shire (A),10937.99819,969.7827782,217,4,39,NSW,67,5,44,844.2804012,1117.965736,0.001005669
17550,Tweed (A),85163,967.797602,202,4,36,NSW,60,4,39,725.9121057,1152.191131,0.000352266
17620,Upper Hunter Shire (A),13766.01962,1002.747135,382,7,68,NSW,112,8,73,881.5968347,1162.307139,0
17640,Upper Lachlan Shire (A),7202.985654,1026.495216,462,9,82,NSW,126,9,82,949.9921964,1116.229754,0
17650,Uralla (A),6032.834344,1001.028046,376,7,67,NSW,108,8,71,892.9770257,1110.9895,0
17700,Urana (A),1149.004102,984.5696812,295,6,53,NSW,89,6,58,944.550223,1030.261375,0
17750,Wagga Wagga (C),59460.14767,991.2412627,330,6,59,NSW,97,7,63,612.6035977,1217.378939,0.019424775
17800,Wakool (A),3953.134458,985.0601104,296,6,53,NSW,90,6,59,910.8197684,1060.703364,0
17850,Walcha (A),3033.047946,990.9622395,327,6,58,NSW,96,7,63,884.695381,1082.351399,0
17900,Walgett (A),6451.999406,880.6408106,47,1,9,NSW,3,1,2,742.602487,1078.582383,0.024333542
17950,Warren (A),2751.685144,955.1356821,141,3,25,NSW,33,3,22,817.1014213,1091.593369,0
18000,Warringah (A),140788.999,1078.652957,543,10,97,NSW,145,10,95,763.2280584,1233.204698,0.00070318
18020,Warrumbungle Shire (A),9589.744962,937.4977766,95,2,17,NSW,16,2,11,787.9453038,1063.447737,0
18050,Waverley (A),63504,1001.607111,378,7,67,NSW,109,8,71,7.89E+02,1179.644355,9.44822E-05
18100,Weddin (A),3660.910497,971.3784948,222,4,40,NSW,70,5,46,814.7632942,1083.174388,0
18150,Wellington (A),8500.316234,929.2241323,84,2,15,NSW,11,1,8,722.3989876,1114.592364,0
18200,Wentworth (A),6610,973.9427681,236,5,42,NSW,74,5,49,804.1836928,1108.441046,0.023146747
18250,Willoughby (C),67377.8403,1040.705463,499,9,89,NSW,134,9,88,613.9622558,1190.228842,0.000608509
18350,Wingecarribee (A),44382.86555,1033.916877,482,9,86,NSW,132,9,86,750.2970965,1160.894561,0.000676089
18400,Wollondilly (A),43246.94224,1082.92675,548,10,97,NSW,147,10,96,859.4322367,1253.60102,0.000494854
18450,Wollongong (C),192336.3448,975.3865405,244,5,44,NSW,78,6,51,585.8150013,1237.239269,0.002883264
18500,Woollahra (A),52165,1040.197842,497,9,88,NSW,133,9,87,845.0173848,1202.865518,0.003795648
18550,Wyong (A),149731.999,973.0806709,231,5,41,NSW,72,5,47,613.7626766,1199.863015,0.003179007
18710,Yass Valley (A),15025.39028,1088.037264,551,10,98,NSW,148,10,97,937.5241154,1249.121148,0
18750,Young (A),12238.24231,963.7094572,175,4,31,NSW,49,4,32,776.3801025,1105.013812,0.013564039
19399,Unincorporated NSW,1061,1029.19923,470,9,84,NSW,129,9,84,986.9735814,1081.947859,0
20110,Alpine (S),11891.10442,977.3184134,256,5,46,VIC,33,5,NA,879.4302103,1077.720651,0.000756868
20260,Ararat (RC),11173.96591,966.1268539,192,4,34,VIC,21,3,NA,776.1740993,1113.110294,0.038392815
20570,Ballarat (C),93516.86634,962.0291592,170,4,31,VIC,14,2,NA,637.6892342,1148.91163,0.003528775
20660,Banyule (C),118281.999,1021.381947,449,8,80,VIC,62,8,NA,744.1270161,1191.470911,0.002908304
20740,Bass Coast (S),29637.73379,979.4374146,264,5,47,VIC,34,5,NA,811.3961056,1122.355092,0
20830,Baw Baw (S),42901.81577,1007.711856,402,8,72,VIC,54,7,NA,763.7880652,1152.397054,0.001002289
20910,Bayside (C),91855,1069.410999,535,10,95,VIC,78,10,NA,7.24E+02,1164.299592,4.35469E-05
21010,Benalla (RC),13672.35371,964.8148585,183,4,33,VIC,18,3,NA,654.2438689,1100.683805,0.000219421
21110,Boroondara (C),159134.007,1054.457965,521,10,93,VIC,76,10,NA,775.3538376,1187.989444,0
21180,Brimbank (C),182703,966.6269004,194,4,35,VIC,22,3,NA,749.0561532,1164.579677,0.000311982
21270,Buloke (S),6372.041905,965.9283638,191,4,34,VIC,20,3,NA,891.5817154,1058.76294,0
21370,Campaspe (S),36348.06073,979.4487422,265,5,47,VIC,35,5,NA,751.7475359,1128.568375,0
21450,Cardinia (S),74173.65702,1043.569551,501,9,89,VIC,71,9,NA,838.196857,1190.733557,0.000539275
21610,Casey (C),252347,1033.522587,481,9,86,VIC,69,9,NA,7.56E+02,1210.386134,4.35908E-05
21670,Central Goldfields (S),12495.00767,927.3101246,79,2,14,VIC,2,1,NA,706.2048466,1075.255729,0
21750,Colac-Otway (S),20356.99759,982.3873611,282,5,50,VIC,38,5,NA,782.7343891,1112.666515,0
21830,Corangamite (S),16385.65085,1003.320003,388,7,69,VIC,50,7,NA,826.2683304,1107.797025,0
21890,Darebin (C),136470,957.2583878,149,3,27,VIC,9,2,NA,666.2113535,1194.588906,0.007796585
22110,East Gippsland (S),42208.72471,963.794047,177,4,32,VIC,16,2,NA,610.1488687,1084.802191,0.000162246
22170,Frankston (C),126467,994.2474809,342,7,61,VIC,44,6,NA,746.1164867,1209.937882,0.001771213
22250,Gannawarra (S),10351.72096,965.8499694,190,4,34,VIC,19,3,NA,841.1926462,1099.533267,0
22310,Glen Eira (C),131002,1017.20003,438,8,78,VIC,60,8,NA,825.593943,1155.453498,0
22410,Glenelg (S),19555.29237,975.0938855,243,5,44,VIC,30,4,NA,798.5357651,1098.773595,0
22490,Golden Plains (S),18768,1052.431995,518,10,92,VIC,75,10,NA,945.9584397,1170.940991,0
22620,Greater Bendigo (C),100547.3196,972.2306588,227,5,41,VIC,27,4,NA,654.8438852,1131.628002,0.000377932
22670,Greater Dandenong (C),135581,929.0608425,83,2,15,VIC,3,1,NA,760.5784213,1160.362269,0.002057811
22750,Greater Geelong (C),210919.6034,983.0944442,287,6,51,VIC,40,5,NA,681.9838968,1179.723054,0.007946156
22830,Greater Shepparton (C),60490.58294,964.2173755,179,4,32,VIC,17,3,NA,711.9843138,1133.992361,0
22910,Hepburn (S),14355.55866,973.7120204,234,5,42,VIC,28,4,NA,899.0877103,1062.034129,0
22980,Hindmarsh (S),5799.547136,968.0837912,203,4,36,VIC,23,3,NA,863.7830868,1122.448498,0
23110,Hobsons Bay (C),83866.9596,989.0237855,319,6,57,VIC,43,6,NA,555.6258865,1132.917914,0.000453099
23190,Horsham (RC),19273.16067,975.7462913,248,5,44,VIC,32,4,NA,704.6582342,1116.789989,0
23270,Hume (C),167497,999.181287,364,7,65,VIC,46,6,NA,566.0750517,1205.629313,0.000716431
23350,Indigo (S),15209.07875,1016.074918,434,8,77,VIC,59,8,NA,913.5779743,1122.966627,0
23430,Kingston (C),142471,1021.610255,450,8,80,VIC,63,8,NA,779.5435219,1231.490782,0.002807589
23670,Knox (C),149334.2279,1048.327682,512,10,91,VIC,73,10,NA,832.3623324,1240.227084,0.007982095
23810,Latrobe (C),72392.77092,944.4589214,111,2,20,VIC,7,1,NA,609.2893967,1145.137315,0.003992111
23940,Loddon (S),7460.062349,959.5134125,155,3,28,VIC,10,2,NA,839.4507266,1086.323505,0
24130,Macedon Ranges (S),41842.05061,1061.495799,526,10,94,VIC,77,10,NA,749.4116411,1157.960189,0.000262893
24210,Manningham (C),111311.9916,1069.825393,536,10,95,VIC,79,10,NA,892.2671068,1215.161422,0.000125773
24250,Mansfield (S),7891.897643,1006.112942,397,8,71,VIC,52,7,NA,882.1753579,1095.461392,0.00038078
24330,Maribyrnong (C),71656,941.2705337,102,2,19,VIC,6,1,NA,690.8448074,1107.333638,0.000195378
24410,Maroondah (C),103880,1028.151798,467,9,83,VIC,67,9,NA,756.2009699,1242.806568,0.004447439
24600,Melbourne (C),93607.99324,870.1622057,40,1,8,VIC,1,1,NA,499.4823682,1099.053663,0.021226812
24650,Melton (S),109296,1034.50133,483,9,86,VIC,70,9,NA,811.9126414,1174.011915,0.008335163
24780,Mildura (RC),50997,941.1209621,101,2,18,VIC,5,1,NA,623.999265,1128.750129,0.000254917
24850,Mitchell (S),34620.8231,1013.254128,425,8,76,VIC,56,7,NA,734.3882192,1152.320472,0
24900,Moira (S),28140,974.3547708,240,5,43,VIC,29,4,NA,734.9864404,1133.367873,0.00010661
24970,Monash (C),169268,1013.330195,426,8,76,VIC,57,8,NA,708.1972734,1166.368327,0.004944821
25060,Moonee Valley (C),107469.007,997.6853311,358,7,64,VIC,45,6,NA,492.1532025,1136.489809,0.000102355
25150,Moorabool (S),28142.17292,1024.148041,453,9,81,VIC,64,8,NA,808.6204903,1151.632086,0
25250,Moreland (C),147328.999,961.1640211,166,3,30,VIC,12,2,NA,7.53E+02,1145.644153,5.43002E-05
25340,Mornington Peninsula (S),144621,1025.451916,457,9,81,VIC,66,9,NA,779.1850032,1199.570007,0.000214353
25430,Mount Alexander (S),17604.55981,975.5452949,247,5,44,VIC,31,4,NA,853.1039803,1119.464737,0.022721386
25490,Moyne (S),15953.35739,1029.397976,471,9,84,VIC,68,9,NA,630.9582877,1113.140318,0
25620,Murrindindi (S),13054.33542,1006.072506,396,8,71,VIC,51,7,NA,892.1589545,1119.40389,0.000229764
25710,Nillumbik (S),60355.00099,1105.385072,558,10,99,VIC,80,10,NA,920.9100058,1208.136741,0
25810,Northern Grampians (S),11851.73649,960.7366043,163,3,29,VIC,11,2,NA,834.1787038,1084.372932,0
25900,Port Phillip (C),91368.00078,962.5132887,173,4,31,VIC,15,2,NA,6.07E+02,1107.259119,3.28427E-05
25990,Pyrenees (S),6662.436166,961.7809034,168,3,30,VIC,13,2,NA,852.673052,1043.396897,0.001500953
26080,Queenscliffe (B),2995.396593,1006.550533,399,8,71,VIC,53,7,NA,974.2459744,1051.553914,0
26170,South Gippsland (S),27211.6601,1011.152759,415,8,74,VIC,55,7,NA,878.1362153,1103.983858,0.00044031
26260,Southern Grampians (S),16339.74029,987.1239506,306,6,55,VIC,42,6,NA,815.7263142,1113.952102,0
26350,Stonnington (C),93174,999.9027849,368,7,66,VIC,47,6,NA,570.7589109,1185.857264,0
26430,Strathbogie (S),9503.954335,982.5449686,283,6,51,VIC,39,5,NA,875.7365703,1076.447961,0
26490,Surf Coast (S),25885.00241,1052.389269,517,10,92,VIC,74,10,NA,907.7667614,1181.230583,0
26610,Swan Hill (RC),20474.23713,952.8404537,133,3,24,VIC,8,1,NA,760.8644509,1125.248859,0
26670,Towong (S),5895.815805,1000.217632,372,7,66,VIC,49,7,NA,890.1302894,1088.691127,0
26700,Wangaratta (RC),26827,981.7303681,278,5,50,VIC,37,5,NA,788.7324537,1152.99227,0
26730,Warrnambool (C),32029.9581,971.8820834,224,4,40,VIC,26,4,NA,660.5236003,1119.078188,0.000312208
26810,Wellington (S),41466.27897,984.4488059,293,6,52,VIC,41,6,NA,794.7000068,1126.427679,0.021491089
26890,West Wimmera (S),4250.049325,1000.17557,371,7,66,VIC,48,6,NA,900.8459153,1093.224807,0
26980,Whitehorse (C),151335.001,1014.04636,429,8,76,VIC,58,8,NA,710.0990531,1154.640635,7.26864E-05
27070,Whittlesea (C),154849,1019.921254,446,8,79,VIC,61,8,NA,860.1187516,1193.229608,0.000419764
27170,Wodonga (RC),35488,971.1052617,221,4,40,VIC,25,4,NA,608.9005368,1173.948641,0.013948377
27260,Wyndham (C),161530.0404,1024.465346,454,9,81,VIC,65,9,NA,743.7417558,1189.422066,0.005132172
27350,Yarra (C),74048,936.626575,93,2,17,VIC,4,1,NA,512.506647,1077.816157,0.000108038
27450,Yarra Ranges (S),144540.1155,1046.102803,506,9,90,VIC,72,9,NA,817.8478776,1219.81216,0.000878649
27630,Yarriambiack (S),7098.50638,969.453917,215,4,39,VIC,24,3,NA,868.1936735,1086.925428,0
29399,Unincorporated Vic,767.0099093,979.6662332,266,5,48,VIC,36,5,NA,922.0700274,1025.912447,0.327258164
30250,Aurukun (S),1292,520.6843881,3,1,1,QLD,3,1,NA,520.6843881,520.6843881,0.002321981
30300,Balonne (S),4719,972.7769006,230,5,41,QLD,40,6,NA,871.4666711,1076.243479,0
30370,Banana (S),14451.01988,1016.976756,437,8,78,QLD,65,9,NA,762.5446452,1140.019464,0.000761192
30410,Barcaldine (R),3217,997.9558824,360,7,64,QLD,57,8,NA,897.1506405,1119.941958,0
30450,Barcoo (S),352,988.9266548,318,6,57,QLD,50,7,NA,988.9266548,988.9266548,0
30760,Blackall Tambo (R),2209,981.202924,275,5,49,QLD,42,6,NA,882.023717,1124.213268,0
30900,Boulia (S),478,892.1046256,52,1,10,QLD,21,3,NA,837.4994999,943.1725772,0
31000,Brisbane (C),1042074.366,1018.274692,442,8,79,QLD,66,9,NA,628.3614806,1257.411574,0.008066603
31750,Bulloo (S),402,995.8523039,353,7,63,QLD,55,8,NA,954.9109327,1038.456269,0
31820,Bundaberg (R),89785.999,953.7951685,136,3,25,QLD,27,4,NA,653.9542044,1118.401409,0.000267302
31900,Burdekin (S),17372.68214,986.0808081,302,6,54,QLD,47,7,NA,830.1155609,1157.264458,0
31950,Burke (S),520.7110371,908.5851333,55,1,10,QLD,22,3,NA,860.6869421,938.9431488,0
32070,Cairns (R),156176.3417,967.4507078,198,4,36,QLD,36,5,NA,453.6785682,1234.011035,0.000281777
32250,Carpentaria (S),2052,885.7436667,49,1,9,QLD,19,3,NA,755.7262113,991.1465445,0
32260,Cassowary Coast (R),27675.98806,957.414784,150,3,27,QLD,30,5,NA,704.0650534,1117.96545,0.001589394
32270,Central Highlands (R),28729.02846,1046.402858,508,9,90,QLD,73,10,NA,853.0046806,1201.947753,0
32310,Charters Towers (R),12157.00199,971.4006326,223,4,40,QLD,39,6,NA,865.0459803,1091.115169,0
32330,Cherbourg (S),1223,535.875407,5,1,1,QLD,5,1,NA,535.875407,535.875407,0
32450,Cloncurry (S),3231,928.8369009,82,2,15,QLD,25,4,NA,791.8350354,1017.308014,0
32500,Cook (S),4145.304929,890.9153185,51,1,10,QLD,20,3,NA,671.6590107,1038.161657,0.114616194
32600,Croydon (S),314,920.4419091,67,2,12,QLD,23,4,NA,920.4419091,920.4419091,0
32750,Diamantina (S),283,876.355505,45,1,8,QLD,18,3,NA,876.355505,876.355505,0
32770,Doomadgee (S),1283.331276,596.7273751,14,1,3,QLD,10,2,NA,589.0019492,938.9431488,0
33100,Etheridge (S),894,967.5608527,200,4,36,QLD,37,5,NA,950.4004478,975.0480138,0
33200,Flinders (S),1791,978.5951389,262,5,47,QLD,41,6,NA,895.3393536,1087.94869,0
33220,Fraser Coast (R),95348.20247,946.6801996,116,3,21,QLD,26,4,NA,732.664904,1147.61441,0.008946168
33360,Gladstone (R),57874.001,1040.059117,496,9,88,QLD,72,10,NA,844.0798936,1205.857355,0.000691157
33430,Gold Coast (C),494591,1008.013526,404,8,72,QLD,62,9,NA,711.6122984,1253.043508,0.002036026
33610,Goondiwindi (R),10627.47725,992.0102506,335,6,60,QLD,53,8,NA,770.698067,1182.512041,0
33620,Gympie (R),45748.72512,961.917979,169,3,30,QLD,33,5,NA,7.69E+02,1074.456025,6.55538E-05
33800,Hinchinbrook (S),11551,981.5672515,277,5,50,QLD,43,6,NA,848.4421169,1084.814214,0.003549476
33830,Hope Vale (S),987.8784796,587.3956128,10,1,2,QLD,8,2,NA,587.3956128,587.3956128,0.015061042
33960,Ipswich (C),166865.6331,983.745476,289,6,52,QLD,44,6,NA,663.2373724,1222.85331,0.003320037
33980,Isaac (R),22568,1035.628067,488,9,87,QLD,69,10,NA,937.3720714,1110.868925,0.001772421
34420,Kowanyama (S),1030,575.6919271,8,1,2,QLD,6,1,NA,575.6919271,575.6919271,0
34570,Lockhart River (S),488.47636,641.0836697,25,1,5,QLD,14,2,NA,632.3276445,822.6214159,0
34580,Lockyer Valley (R),34948.99903,991.4910957,331,6,59,QLD,52,7,NA,802.5259928,1117.941758,0.008727002
34590,Logan (C),278080,1000.944795,375,7,67,QLD,59,8,NA,687.95814,1234.730422,0.000262514
34710,Longreach (R),4196,984.4522881,294,6,53,QLD,45,7,NA,906.2475553,1123.64563,0
34770,Mackay (R),112812,1039.869385,495,9,88,QLD,71,10,NA,806.3508831,1200.076118,0.001693082
34800,McKinlay (S),1056,1029.971306,473,9,84,QLD,68,10,NA,960.6398589,1071.52063,0
34830,Mapoon (S),263.9943408,683.9018415,28,1,5,QLD,16,3,NA,683.8997621,945.4206307,0.007546592
34860,Maranoa (R),13078,1014.618871,431,8,77,QLD,63,9,NA,859.382459,1129.651571,0
35010,Moreton Bay (R),377991.9941,1024.052201,452,9,81,QLD,67,9,NA,650.8779276,1243.099793,0.002957711
35250,Mornington (S),1139,583.0573144,9,1,2,QLD,7,1,NA,583.0573144,583.0573144,0.009657594
35300,Mount Isa (C),21236.95773,987.3503665,308,6,55,QLD,48,7,NA,626.080248,1148.997794,0
35600,Murweh (S),4613,966.6286389,195,4,35,QLD,35,5,NA,879.095544,1099.645383,0
35670,Napranum (S),854.0091763,589.1445903,12,1,3,QLD,9,2,NA,589.1445903,589.1445903,0.00235264
35760,North Burnett (R),10128,958.256657,151,3,27,QLD,31,5,NA,758.2972384,1091.320753,0
35780,Northern Peninsula Area (R),2299,655.3139836,26,1,5,QLD,15,3,NA,553.4984473,770.4473493,0.011744237
35790,Palm Island (S),2339,527.3130247,4,1,1,QLD,4,1,NA,527.3130247,527.3130247,0
35800,Paroo (S),1865,921.0560619,68,2,13,QLD,24,4,NA,806.1797632,1058.814416,0
36070,Pormpuraaw (S),663,614.433488,17,1,4,QLD,11,2,NA,614.433488,614.433488,0
36150,Quilpie (S),969,954.2602297,138,3,25,QLD,28,4,NA,889.8896229,1036.250456,0
36250,Redland (C),138641,1049.286876,513,10,91,QLD,74,10,NA,809.1773015,1244.638926,0.00193305
36300,Richmond (S),826,985.1799687,298,6,53,QLD,46,7,NA,945.8261459,1024.512404,0.006053269
36360,Rockhampton (R),109369,991.0447825,328,6,59,QLD,51,7,NA,761.6721883,1189.754722,0.00710439
36510,Scenic Rim (R),36427,1016.41758,436,8,78,QLD,64,9,NA,805.067886,1157.962972,0
36580,Somerset (R),21654.00098,996.104456,355,7,63,QLD,56,8,NA,809.1169263,1087.866822,0
36630,South Burnett (R),31006.07241,960.2140335,160,3,29,QLD,32,5,NA,792.0949568,1122.734945,0
36660,Southern Downs (R),33850.29673,969.406562,214,4,38,QLD,38,6,NA,752.9311132,1119.59187,0.00032496
36710,Sunshine Coast (R),306889.007,1006.576285,400,8,71,QLD,61,9,NA,721.966288,1182.346726,0.004265415
36810,Tablelands (R),43762.00498,955.95599,143,3,26,QLD,29,4,NA,603.9044653,1102.076417,0.016247084
36910,Toowoomba (R),151215.4622,994.9364785,346,7,62,QLD,54,8,NA,692.6071873,1179.091132,0.005541761
36950,Torres (S),3255,843.6182944,37,1,7,QLD,17,3,NA,772.9705321,938.1708989,0.011674347
36960,Torres Strait Island (R),4243,624.0067799,21,1,4,QLD,13,2,NA,522.1799293,688.91084,0
37010,Townsville (C),174464.3179,1005.528171,394,7,70,QLD,60,9,NA,628.1124448,1238.3877,0.014553119
37300,Weipa (T),3341.001014,1037.335628,491,9,87,QLD,70,10,NA,1013.94587,1090.257547,0.006884468
37310,Western Downs (R),31609.74394,1000.862814,374,7,67,QLD,58,8,NA,846.6150613,1124.724026,0
37340,Whitsunday (R),31392.99802,988.6800691,317,6,57,QLD,49,7,NA,807.7344416,1139.880665,0.009747397
37400,Winton (S),1338,963.8977973,178,4,32,QLD,34,5,NA,876.6473769,1070.520606,0
37550,Woorabinda (S),941.9715451,512.2794171,2,1,1,QLD,2,1,NA,508.3209109,1060.788931,0
37570,Wujal Wujal (S),269.0010125,617.1229859,19,1,4,QLD,12,2,NA,617.1221967,826.7972147,0
37600,Yarrabah (S),2406,472.1645911,1,1,1,QLD,1,1,NA,469.0038609,474.6790228,0
40070,Adelaide (C),19606,874.303814,43,1,8,SA,5,1,NA,635.1758945,1035.384767,0.034224217
40120,Adelaide Hills (DC),38600.60706,1082.609514,546,10,97,SA,71,10,NA,966.2243712,1156.93342,0.000362689
40220,Alexandrina (DC),23692.69224,1000.020953,370,7,66,SA,50,7,NA,825.0790134,1105.450673,0.000337657
40250,Anangu Pitjantjatjara (AC),2432.999,623.2232525,20,1,4,SA,1,1,NA,488.3433775,843.1097958,0.009863958
40310,Barossa (DC),22174,1027.978887,466,9,83,SA,60,9,NA,895.3338444,1141.35571,0
40430,Barunga West (DC),2467.136503,980.9946496,274,5,49,SA,36,6,NA,864.3364838,1079.482939,0
40520,Berri and Barmera (DC),10590.39663,927.2674587,78,2,14,SA,12,2,NA,765.1236483,1047.425874,0.000660976
40700,Burnside (C),42168,1044.495148,502,9,89,SA,67,10,NA,822.2310161,1152.899806,0
40910,Campbelltown (C),48182,989.5761623,321,6,57,SA,42,6,NA,749.3784583,1142.481958,0
41010,Ceduna (DC),3484.964032,940.5006614,99,2,18,SA,15,3,NA,563.0597964,1050.082009,0
41060,Charles Sturt (C),104921.8142,957.1495661,147,3,27,SA,20,3,NA,655.159427,1104.197968,0.000142946
41140,Clare and Gilbert Valleys (,8749.713578,1003.054095,384,7,68,SA,51,8,NA,837.9648274,1130.055273,0
41190,Cleve (DC),1728.998006,1021.336811,448,8,80,SA,58,9,NA,941.8953392,1096.087102,0
41330,Coober Pedy (DC),1694,870.3099372,41,1,8,SA,3,1,NA,816.7275813,953.9546884,0.014757969
41560,Copper Coast (DC),12928.98774,955.1868559,142,3,26,SA,19,3,NA,827.1541426,1102.587555,0
41750,Elliston (DC),1044.999019,977.6215957,258,5,46,SA,34,5,NA,944.3485615,1056.232324,0
41830,Flinders Ranges (DC),1703,968.7272326,209,4,37,SA,28,4,NA,907.8585359,1047.72813,0
41960,Franklin Harbour (DC),1271.224015,982.6914905,284,6,51,SA,38,6,NA,950.1371833,1026.945924,0
42030,Gawler (T),20545.88418,973.1754286,232,5,42,SA,31,5,NA,745.6385913,1163.317328,0
42110,Goyder (DC),4177.876762,972.1563996,226,5,41,SA,29,5,NA,875.6338142,1051.542893,0
42250,Grant (DC),7840.157556,1046.171585,507,9,90,SA,68,10,NA,910.6529921,1112.477003,0
42600,Holdfast Bay (C),34645.999,991.2308372,329,6,59,SA,45,7,NA,756.833009,1086.526584,0
42750,Kangaroo Island (DC),4415,981.868702,280,5,50,SA,37,6,NA,912.8015974,1076.00958,0
43080,Karoonda East Murray (DC),1035.26403,999.3817604,365,7,65,SA,49,7,NA,967.2379621,1024.589167,0
43220,Kimba (DC),1087.33472,1037.835826,492,9,88,SA,65,10,NA,980.9783417,1121.292833,0
43360,Kingston (DC),2290,988.2700091,313,6,56,SA,39,6,NA,915.4420185,1070.596296,0
43650,Light (RegC),13785.11582,1056.244704,523,10,93,SA,69,10,NA,917.7713989,1162.7858,0
43710,Lower Eyre Peninsula (DC),4916.014869,1033.366189,480,9,85,SA,62,9,NA,941.2597291,1130.019876,0
43790,Loxton Waikerie (DC),11265.54342,960.8397234,164,3,30,SA,22,4,NA,713.2730639,1093.094931,0
43920,Mallala (DC),8333,1034.815823,484,9,86,SA,63,9,NA,931.739938,1092.929613,0
44000,Maralinga Tjarutja (AC),73.3121616,688.0748991,29,1,6,SA,2,1,NA,688.0748991,688.0748991,0.004257978
44060,Marion (C),83005.00099,973.5054207,233,5,42,SA,32,5,NA,611.1447692,1162.722507,0.000469851
44210,Mid Murray (DC),8134.236089,965.0141507,185,4,33,SA,24,4,NA,878.0366089,1024.397757,0
44340,Mitcham (C),62912,1041.458803,500,9,89,SA,66,10,NA,803.8678746,1221.101866,0.008090666
44550,Mount Barker (DC),29806.39294,1036.286437,489,9,87,SA,64,9,NA,828.164646,1198.288753,0
44620,Mount Gambier (C),25253.72922,930.5433756,85,2,16,SA,13,2,NA,613.5236704,1141.241801,0
44830,Mount Remarkable (DC),2868.074185,990.4350978,325,6,58,SA,44,7,NA,917.4017642,1064.522124,0
45040,Murray Bridge (RC),19741.95746,932.0791852,88,2,16,SA,14,2,NA,697.9693898,1100.37695,0.019501612
45090,Naracoorte and Lucindale (D,8118,1004.369538,390,7,70,SA,52,8,NA,891.1222916,1127.218814,0
45120,Northern Areas (DC),4496.500012,990.4230851,324,6,58,SA,43,6,NA,919.2636945,1099.708261,0
45290,Norwood Payneham St Peters,34863,964.4938816,181,4,33,SA,23,4,NA,778.6158162,1103.592266,0
45340,Onkaparinga (C),159517,995.9685131,354,7,63,SA,47,7,NA,674.0511976,1189.569815,0.000219412
45400,Orroroo/Carrieton (DC),871.4258035,1008.015134,405,8,72,SA,54,8,NA,964.5578947,1068.601192,0
45540,Peterborough (DC),1733,872.5901497,42,1,8,SA,4,1,NA,784.9569855,988.5143981,0
45680,Playford (C),79082.16839,913.51491,58,2,11,SA,8,2,NA,653.4629041,1157.672543,0.000177031
45890,Port Adelaide Enfield (C),112797.185,921.1271858,69,2,13,SA,11,2,NA,671.4905633,1120.915054,0.009361936
46090,Port Augusta (C),13978,917.3554576,62,2,11,SA,10,2,NA,555.8827712,1122.874951,0.033266562
46300,Port Lincoln (C),14083,943.5970164,108,2,20,SA,17,3,NA,731.7742443,1062.821319,0
46450,Port Pirie City and Dists (,17359.87576,914.110516,59,2,11,SA,9,2,NA,721.6317371,1101.571229,0.000230416
46510,Prospect (C),19950,997.2775652,357,7,64,SA,48,7,NA,877.71296,1115.059971,0
46670,Renmark Paringa (DC),9231,943.422715,107,2,19,SA,16,3,NA,766.3383895,1041.607829,0.000433323
46860,Robe (DC),1399,1013.996017,428,8,76,SA,57,8,NA,981.7707045,1064.00515,0
46970,Roxby Downs (M),4694,1065.932651,532,10,95,SA,70,10,NA,1016.453961,1096.569982,0.095014913
47140,Salisbury (C),129066.7199,960.0576162,158,3,28,SA,21,3,NA,704.6486788,1183.60328,0.002239152
47290,Southern Mallee (DC),2097.000625,995.5140484,352,7,63,SA,46,7,NA,923.9404774,1072.725358,0
47490,Streaky Bay (DC),2109.900051,978.6484046,263,5,47,SA,35,5,NA,936.9299849,1006.99103,0
47630,Tatiara (DC),6559,1012.933867,424,8,76,SA,56,8,NA,893.5034906,1106.749827,0
47700,Tea Tree Gully (C),95461.1107,1026.322911,461,9,82,SA,59,9,NA,862.8560071,1198.276643,0.004724437
47800,The Coorong (DC),5519.997384,965.6347135,189,4,34,SA,25,4,NA,649.6949966,1041.086159,0
47910,Tumby Bay (DC),2572.982195,988.6547181,316,6,56,SA,40,6,NA,898.7048289,1096.087102,0
47980,Unley (C),36813,1012.910478,423,8,75,SA,55,8,NA,831.535299,1114.226771,0
48050,Victor Harbor (C),13843.05906,974.4160325,241,5,43,SA,33,5,NA,838.3635437,1129.561407,0
48130,Wakefield (DC),6663.40966,972.6787744,229,5,41,SA,30,5,NA,879.053107,1089.895836,0
48260,Walkerville (M),7008,1028.544517,469,9,84,SA,61,9,NA,912.923566,1155.279469,0
48340,Wattle Range (DC),11632.11322,968.5380501,205,4,37,SA,26,4,NA,781.9542203,1091.052495,0
48410,West Torrens (C),54932.00285,949.0343584,126,3,23,SA,18,3,NA,775.0960154,1120.857838,0.000145668
48540,Whyalla (C),22069.77401,904.5504938,54,1,10,SA,6,1,NA,681.2706264,1146.383126,0.000317176
48640,Wudinna (DC),1255.766205,1007.87963,403,8,72,SA,53,8,NA,987.3446101,1121.292833,0
48750,Yankalilla (DC),4406.247685,989.5225783,320,6,57,SA,41,6,NA,920.8084775,1066.29487,0
48830,Yorke Peninsula (DC),11045.98895,968.5541511,206,4,37,SA,27,4,NA,490.7553625,1066.59667,0
49399,Unincorporated SA,4433.347174,911.3564057,56,1,10,SA,7,1,NA,584.6116803,1121.292833,0.014591422
50080,Albany (C),33614.00901,998.7014892,362,7,65,WA,66,5,48,791.1112997,1162.943315,0.011007315
50210,Armadale (C),62295,1035.095606,485,9,86,WA,107,8,77,771.283232,1221.196459,0
50250,Ashburton (S),9994.957951,994.4867884,345,7,62,WA,62,5,45,888.9714042,1039.766401,0.404299645
50280,Augusta-Margaret River (S),11763.001,1028.433293,468,9,83,WA,101,8,73,854.2588324,1115.342627,0.000765111
50350,Bassendean (T),14404,999.0629397,363,7,65,WA,67,5,48,912.450632,1085.358473,0.000208276
50420,Bayswater (C),61234,1005.189941,393,7,70,WA,77,6,56,7.87E+02,1179.248999,4.89924E-05
50490,Belmont (C),35185.99055,969.9910891,218,4,39,WA,33,3,24,801.2979466,1095.848984,0.001562853
50560,Beverley (S),1565,987.0844018,305,6,54,WA,50,4,36,901.9392188,1071.424341,0
50630,Boddington (S),2226,1063.81916,529,10,94,WA,123,9,88,964.5436483,1116.135937,0
50770,Boyup Brook (S),1586,1015.054771,433,8,77,WA,91,7,66,930.822637,1070.70918,0
50840,Bridgetown-Greenbushes (S),4333,1003.266627,386,7,69,WA,74,6,53,903.4416788,1097.154511,0
50910,Brookton (S),937,981.8341937,279,5,50,WA,43,4,31,922.2638608,1064.655192,0
50980,Broome (S),15010.80364,931.8114188,87,2,16,WA,15,2,11,569.594091,1137.669154,0.000266475
51080,Broomehill-Tambellup (S),1144.999003,991.7774948,332,6,59,WA,57,5,41,881.0248782,1082.094629,0
51120,Bruce Rock (S),973,976.1285056,251,5,45,WA,36,3,26,926.5048076,1078.782014,0
51190,Bunbury (C),31340.99701,979.8922859,267,5,48,WA,39,3,28,752.5757665,1157.606076,0.01107176
51260,Busselton (S),30337.20797,1030.908553,477,9,85,WA,104,8,75,849.3599793,1187.503481,0.000428517
51310,Cambridge (T),24972.56621,1103.779103,555,10,99,WA,135,10,97,910.9249153,1190.403539,0.003123428
51330,Canning (C),85499.04991,1025.440189,456,9,81,WA,96,7,69,610.8024343,1213.108462,0.00018772
51400,Capel (S),14624.79203,1085.119894,549,10,98,WA,131,10,94,937.7782298,1200.192963,0
51470,Carnamah (S),540.9980123,1003.0291,383,7,68,WA,73,6,53,974.7179235,1070.061637,0
51540,Carnarvon (S),5785.995077,942.2364139,105,2,19,WA,21,2,16,511.4807396,1117.552742,0
51610,Chapman Valley (S),1166.603852,1048.196951,511,10,91,WA,115,9,83,1013.047677,1088.235229,0
51680,Chittering (S),4426,1104.69134,556,10,99,WA,136,10,98,996.7119829,1176.670864,0
51750,Claremont (T),9280.288824,1053.828313,520,10,93,WA,118,9,85,919.653422,1141.376352,0
51820,Cockburn (C),89642.00099,1066.292635,533,10,95,WA,125,9,90,852.0740681,1280.885656,0.00284466
51890,Collie (S),9117,1008.496443,407,8,73,WA,80,6,58,840.008078,1131.954985,0.001974334
51960,Coolgardie (S),3992.388196,976.1756836,252,5,45,WA,37,3,27,565.0581896,1027.496995,0.007263823
52030,Coorow (S),1069.001988,1000.733232,373,7,67,WA,70,6,51,935.6717731,1098.086856,0
52100,Corrigin (S),1067,983.0794014,286,6,51,WA,45,4,33,858.6762649,1075.938612,0
52170,Cottesloe (T),7598,1073.045694,540,10,96,WA,128,10,92,904.7164544,1147.686902,0
52240,Cranbrook (S),1079.000997,990.0853344,323,6,58,WA,55,4,40,903.6083725,1082.094629,0
52310,Cuballing (S),866,1026.006579,460,9,82,WA,99,8,71,1019.135103,1043.542369,0
52380,Cue (S),269,857.8283387,39,1,7,WA,9,1,7,842.5945538,937.8942779,0
52450,Cunderdin (S),1305,994.1960305,341,7,61,WA,60,5,43,972.5211094,1036.716227,0
52520,Dalwallinu (S),1265,1031.299917,478,9,85,WA,105,8,76,918.5299131,1082.878761,0
52590,Dandaragan (S),3191,1026.847506,465,9,83,WA,100,8,72,909.1721008,1138.737861,0
52660,Dardanup (S),12397.01097,1067.278732,534,10,95,WA,126,10,91,774.8557821,1141.334003,0
52730,Denmark (S),5197,987.6843584,311,6,56,WA,51,4,37,801.4687606,1095.62918,0
52800,Derby-West Kimberley (S),8455.273063,765.6569519,33,1,6,WA,6,1,5,464.2483714,1075.481556,0.196445459
52870,Donnybrook-Balingup (S),5317,1035.474802,486,9,87,WA,108,8,78,887.8229559,1110.425113,0
52940,Dowerin (S),679,995.4232814,349,7,62,WA,63,5,46,937.9107631,1065.52841,0
53010,Dumbleyung (S),607,1005.036485,391,7,70,WA,76,6,55,915.2691872,1049.148178,0
53080,Dundas (S),1145,922.2504199,70,2,13,WA,13,1,10,895.8864615,977.1490163,0
53150,East Fremantle (T),6925,1070.027979,537,10,96,WA,127,10,91,990.8666415,1129.04685,0
53220,East Pilbara (S),11940,935.1713846,90,2,16,WA,16,2,12,558.3602215,1067.755356,0.41038526
53290,Esperance (S),13449,1007.041649,401,8,71,WA,78,6,56,797.5743773,1125.370618,0.000223065
53360,Exmouth (S),2386.003078,1008.323579,406,8,72,WA,79,6,57,9.73E+02,1074.142452,1.29002E-06
53430,Fremantle (C),26562,982.8576107,285,6,51,WA,44,4,32,612.9250832,1105.738455,0.000112943
53520,Geraldton-Greenough (C),36451.39615,997.893436,359,7,64,WA,64,5,46,769.1248143,1158.792697,0.000329206
53570,Gingin (S),4678,1036.950212,490,9,87,WA,110,8,79,958.1690981,1094.412716,0
53640,Gnowangerup (S),1274,999.4567801,366,7,65,WA,68,5,49,922.844185,1077.80494,0
53710,Goomalling (S),985,988.4112536,315,6,56,WA,53,4,38,928.503849,1057.063312,0
53780,Gosnells (C),106582,1040.263315,498,9,89,WA,113,9,81,775.2106977,1217.124433,0.007280779
53920,Halls Creek (S),3562.849017,637.2910414,23,1,5,WA,2,1,2,434.5901636,829.7460428,0
53990,Harvey (S),23228.99202,1059.069564,525,10,93,WA,120,9,86,774.8557821,1191.003723,0
54060,Irwin (S),3568,1003.305146,387,7,69,WA,75,6,54,915.6193149,1078.16471,0
54130,Jerramungup (S),1062.976943,1030.093127,474,9,84,WA,102,8,73,950.766476,1077.175465,0.003749798
54170,Joondalup (C),152389.001,1104.794825,557,10,99,WA,137,10,98,865.3743577,1249.960397,0.000118119
54200,Kalamunda (S),53540.27394,1081.136675,545,10,97,WA,130,10,93,892.6594996,1172.021743,0.000416022
54280,Kalgoorlie/Boulder (C),31097.61181,1025.559327,458,9,82,WA,97,7,70,572.3371189,1278.253848,0
54340,Katanning (S),4183,940.660265,100,2,18,WA,19,2,14,837.1540431,1077.771574,0
54410,Kellerberrin (S),1175.999941,943.9863597,109,2,20,WA,22,2,16,895.8378136,1022.978392,0
54480,Kent (S),516,1063.753099,527,10,94,WA,121,9,87,1051.514472,1077.937616,0
54550,Kojonup (S),1974,991.9657159,334,6,60,WA,58,5,42,913.2676555,1087.369633,0
54620,Kondinin (S),1041,990.4580261,326,6,58,WA,56,5,41,867.0043509,1052.962655,0
54690,Koorda (S),434,989.9070758,322,6,57,WA,54,4,39,965.093893,1031.160895,0
54760,Kulin (S),832,1009.069699,408,8,73,WA,81,6,58,928.5160821,1070.758473,0
54830,Kwinana (T),29234,1011.744231,419,8,75,WA,86,7,62,830.3419029,1195.428663,0.020626668
54900,Lake Grace (S),1368,1017.875094,439,8,78,WA,93,7,67,935.3998985,1078.894244,0
54970,Laverton (S),1227.674186,765.2564095,32,1,6,WA,5,1,4,626.4461017,850.9185456,0.417863311
55040,Leonora (S),2506,947.0730592,118,3,21,WA,26,2,19,875.5433838,1041.706333,0.40622506
55110,Mandurah (C),69960.00598,1010.440398,414,8,74,WA,84,7,61,767.7719284,1168.316203,0.000100057
55180,Manjimup (S),9193,979.9370442,268,5,48,WA,40,3,29,846.1470612,1120.198516,0
55250,Meekatharra (S),1374,851.2778557,38,1,7,WA,8,1,6,776.1569695,890.9569855,0
55320,Melville (C),95688.001,1064.351822,530,10,94,WA,124,9,89,7.50E+02,1172.582316,1.04402E-08
55390,Menzies (S),383,664.3525911,27,1,5,WA,3,1,3,559.0515189,785.6262978,0
55460,Merredin (S),3275,985.6095838,301,6,54,WA,48,4,35,883.5099011,1115.381836,0
55530,Mingenew (S),479,975.496758,246,5,44,WA,35,3,26,893.5298748,1083.202035,0
55600,Moora (S),2478,1001.604991,377,7,67,WA,71,6,51,947.3490802,1098.876976,0
55670,Morawa (S),892,971.9183885,225,4,40,WA,34,3,25,891.411726,1078.255937,0
55740,Mosman Park (T),8599,1030.580428,476,9,85,WA,103,8,74,860.6832787,1177.738976,0
55810,Mount Magnet (S),643,880.0223852,46,1,9,WA,11,1,8,825.8228964,1134.232377,0
55880,Mount Marshall (S),478,1035.561483,487,9,87,WA,109,8,78,1033.688117,1036.744325,0
55950,Mukinbudin (S),497,1022.56722,451,8,80,WA,95,7,68,955.7163348,1086.01002,0
56020,Mullewa (S),715,952.9799806,134,3,24,WA,28,3,21,852.0549685,1072.815751,0
56090,Mundaring (S),36506.12281,1086.95937,550,10,98,WA,132,10,95,772.1484734,1201.880523,0.040287159
56160,Murchison (S),115,882.627625,48,1,9,WA,12,1,9,882.627625,882.627625,0
56230,Murray (S),14143.68742,1038.82688,494,9,88,WA,112,9,81,882.8620943,1194.66662,0.00049492
56300,Nannup (S),1267.998997,993.0286378,336,6,60,WA,59,5,43,943.0029895,1031.504677,0
56370,Narembeen (S),815,1011.71263,418,8,74,WA,85,7,61,953.6353008,1089.011409,0
56450,Narrogin (S),874,1096.185416,553,10,98,WA,133,10,96,1060.117742,1129.348475,0
56520,Narrogin (T),4226,941.6231346,104,2,19,WA,20,2,15,808.9709195,1057.534577,0
56580,Nedlands (C),20513.71118,1097.951585,554,10,99,WA,134,10,96,908.4996398,1218.702381,0.006873452
56620,Ngaanyatjarraku (S),1438.325814,615.7141153,18,1,4,WA,1,1,1,572.0240307,653.6487326,0
56730,Northam (S),10569,977.3379912,257,5,46,WA,38,3,28,827.659365,1184.73154,0
56790,Northampton (S),3188,980.0738558,269,5,48,WA,41,3,30,912.6619356,1152.884261,0
56860,Nungarin (S),231,945.8042938,114,3,21,WA,24,2,18,945.8042938,945.8042938,0
56930,Peppermint Grove (S),1523,1107.883993,559,10,99,WA,138,10,99,1046.271042,1145.430206,0
57000,Perenjori (S),906,1051.35366,516,10,92,WA,117,9,84,982.007995,1069.267957,0
57080,Perth (C),16735,939.9790982,98,2,18,WA,18,2,13,707.05966,1121.772156,0.026232447
57140,Pingelly (S),1170,946.8277929,117,3,21,WA,25,2,18,888.8173047,1070.208642,0
57210,Plantagenet (S),4883,988.410426,314,6,56,WA,52,4,38,875.1785024,1082.6758,0
57280,Port Hedland (T),15052.00206,1012.311186,421,8,75,WA,88,7,63,685.2241274,1093.223699,0.040924925
57350,Quairading (S),1042,960.3289092,161,3,29,WA,30,3,22,878.2693695,1045.071803,0
57420,Ravensthorpe (S),2123.014051,1018.275496,443,8,79,WA,94,7,68,968.3072614,1061.78532,0.001890732
57490,Rockingham (C),104075.998,1050.468195,514,10,91,WA,116,9,83,785.4145897,1245.947159,0.005034763
57560,Roebourne (S),22927.03691,1032.901941,479,9,85,WA,106,8,76,769.5531229,1156.112965,0.157632097
57630,Sandstone (S),105,954.7496919,139,3,25,WA,29,3,21,954.7496919,954.7496919,0
57700,Serpentine-Jarrahdale (S),17736.30661,1115.042928,562,10,100,WA,139,10,100,992.4394584,1220.782107,0.013362421
57770,Shark Bay (S),861.0049232,944.0915103,110,2,20,WA,23,2,17,869.3647715,1002.078975,0
57840,South Perth (C),40760.9983,1014.243242,430,8,77,WA,90,7,65,679.6935935,1156.350727,0.004710385
57910,Stirling (C),195643.999,1011.764639,420,8,75,WA,87,7,63,774.0445659,1233.151024,8.17812E-05
57980,Subiaco (C),17565.43379,994.4858928,344,7,61,WA,61,5,44,755.9387843,1123.560892,0.030685266
58050,Swan (C),108434.6121,1055.495994,522,10,93,WA,119,9,86,685.3844132,1285.793501,0.000479621
58190,Tammin (S),403.000059,986.6686592,304,6,54,WA,49,4,36,878.1545862,1061.00151,0
58260,Three Springs (S),622,965.5113745,187,4,34,WA,31,3,23,898.6950746,1080.178649,0
58330,Toodyay (S),4385,1038.374382,493,9,88,WA,111,8,80,844.1297963,1124.246617,0
58400,Trayning (S),347,948.9938484,125,3,23,WA,27,2,20,948.9938484,948.9938484,0
58470,Upper Gascoyne (S),243,740.0632358,31,1,6,WA,4,1,3,600.8587804,869.3245157,0
58510,Victoria Park (T),32437.95179,968.3930715,204,4,37,WA,32,3,23,749.4729215,1087.326264,0.014857599
58540,Victoria Plains (S),900,999.967132,369,7,66,WA,69,5,50,974.2422381,1024.505384,0
58570,Vincent (T),31562,1002.1926,380,7,68,WA,72,6,52,835.5444915,1139.076896,0
58610,Wagin (S),1846.001001,980.1694761,270,5,48,WA,42,4,31,863.7033377,1053.119781,0
58680,Wandering (S),438,1063.77965,528,10,94,WA,122,9,88,1063.77965,1063.77965,0
58760,Wanneroo (C),152140.0006,1080.222906,544,10,97,WA,129,10,93,825.5996831,1228.116417,0.000216906
58820,Waroona (S),3583,1012.407444,422,8,75,WA,89,7,64,854.7538262,1126.352396,0
58890,West Arthur (S),874,1026.003869,459,9,82,WA,98,8,71,935.4165118,1064.613202,0
59030,Westonia (S),276,1016.129312,435,8,77,WA,92,7,66,1016.129312,1016.129312,0
59100,Wickepin (S),748,985.0875,297,6,53,WA,47,4,34,889.1547317,1051.05797,0
59170,Williams (S),912,1045.387329,503,9,90,WA,114,9,82,984.0143149,1086.904367,0
59250,Wiluna (S),1154,770.6440845,34,1,7,WA,7,1,6,770.6440845,770.6440845,0.748700173
59310,Wongan-Ballidu (S),1434,983.97255,291,6,52,WA,46,4,33,900.0749592,1083.288571,0
59320,Woodanilling (S),416.9989992,1009.732651,411,8,73,WA,82,6,59,1009.732651,1009.732651,0
59330,Wyalkatchem (S),524,935.9803847,91,2,17,WA,17,2,13,887.2301591,1010.636527,0
59340,Wyndham-East Kimberley (S),7798.07428,875.2385934,44,1,8,WA,10,1,8,422.1516072,1198.990769,0.002949446
59350,Yalgoo (S),402,927.1478821,77,2,14,WA,14,2,11,927.1478821,927.1478821,0
59360,Yilgarn (S),1642,997.9684644,361,7,64,WA,65,5,47,923.6662696,1083.253891,0.231425091
59370,York (S),3379,1009.935955,413,8,74,WA,83,6,60,934.6868688,1071.379671,0
60210,Break O'Day (M),6201.847445,925.3590003,75,2,14,TAS,6,3,NA,782.7644323,1027.254971,0
60410,Brighton (M),15441.00097,919.3675325,65,2,12,TAS,4,2,NA,638.3699797,1110.208137,0
60610,Burnie (C),19316.43728,923.1605367,71,2,13,TAS,5,2,NA,615.3975063,1106.65616,0.000155308
60810,Central Coast (M),21392.62521,968.9005862,210,4,38,TAS,16,6,NA,747.2224104,1083.377466,0.001589333
61010,Central Highlands (M),2262.260309,947.2135354,120,3,22,TAS,9,4,NA,9.17E+02,1009.253173,1.56825E-06
61210,Circular Head (M),7967.006065,976.1961808,253,5,45,TAS,19,7,NA,769.3062674,1088.038404,0.001882765
61410,Clarence (C),51878.25461,994.3837143,343,7,61,TAS,27,10,NA,681.0951987,1153.059909,0.009715018
61510,Derwent Valley (M),9687.949606,948.4083388,123,3,22,TAS,10,4,NA,733.7692082,1080.146294,0.000608912
61610,Devonport (C),24594.88702,926.0361899,76,2,14,TAS,7,3,NA,665.7724054,1110.310381,0
61810,Dorset (M),6805.00125,950.752265,130,3,24,TAS,13,5,NA,825.6780225,1038.678633,0
62010,Flinders (M),770,948.4164932,124,3,22,TAS,11,4,NA,571.4419938,990.8050632,0
62210,George Town (M),6637.5683,911.530566,57,2,11,TAS,1,1,NA,754.0525549,1053.101688,0
62410,Glamorgan/Spring Bay (M),4188.109789,960.0869057,159,3,29,TAS,15,6,NA,826.3859886,1031.411749,0.000716314
62610,Glenorchy (C),44729.66653,917.5493348,63,2,12,TAS,2,1,NA,729.1212423,1080.146294,0.000961331
62810,Hobart (C),48741.4347,976.2451443,254,5,45,TAS,20,7,NA,801.7447365,1158.421707,0.00166183
63010,Huon Valley (M),15126.09509,976.1191375,250,5,45,TAS,18,7,NA,8.28E+02,1087.182001,6.43578E-06
63210,Kentish (M),6091.039734,975.0675525,242,5,43,TAS,17,6,NA,813.5909906,1062.834399,0.001313405
63410,King Island (M),1570,977.8104279,260,5,47,TAS,21,8,NA,916.1530039,1067.106897,0
63610,Kingborough (M),33895.58894,1020.948831,447,8,80,TAS,29,10,NA,824.6869338,1129.471938,0.000531043
63810,Latrobe (M),9830.448078,981.5625283,276,5,49,TAS,23,8,NA,858.7024881,1068.780027,0
64010,Launceston (C),64160.68185,927.6827457,80,2,15,TAS,8,3,NA,591.4243113,1122.117862,0.006499308
64210,Meander Valley (M),18867.38362,994.1009584,340,7,61,TAS,26,9,NA,833.3619312,1134.860141,0.000159005
64610,Northern Midlands (M),12247.72311,982.226841,281,5,50,TAS,24,9,NA,774.8371173,1132.054768,0
64810,Sorell (M),13196.77838,980.8094145,273,5,49,TAS,22,8,NA,8.47E+02,1106.406934,1.38867E-07
65010,Southern Midlands (M),6045.860081,987.3842466,309,6,55,TAS,25,9,NA,852.4353825,1060.731447,0
65210,Tasman (M),2355.001002,949.4659172,127,3,23,TAS,12,5,NA,911.2337804,1010.218969,0
65410,Waratah/Wynyard (M),13693.55666,954.7572355,140,3,25,TAS,14,5,NA,806.002284,1063.092787,0.000219081
65610,West Coast (M),4682,918.4466954,64,2,12,TAS,3,2,NA,821.0550973,1021.068814,0
65810,West Tamar (M),21835.79439,1009.625236,410,8,73,TAS,28,10,NA,777.3635593,1134.860141,0.000274778
70200,Alice Springs (T),25181,987.8709745,312,6,56,NT,13,8,NA,564.9249077,1158.043958,0.007465947
70420,Barkly (S),6820,712.0021985,30,1,6,NT,9,6,NA,438.2279854,969.4621002,0.055571848
70540,Belyuen (S),181,560.3783049,7,1,2,NT,2,2,NA,560.3783049,560.3783049,0
70620,Central Desert (S),3736,613.8885882,16,1,3,NT,6,4,NA,490.6814026,891.4372757,0.072537473
70700,Coomalie (S),1111,890.8164014,50,1,9,NT,10,6,NA,824.2806022,927.7045,0
71000,Darwin (C),72972.13585,1005.613504,395,7,70,NT,14,8,NA,403.9465444,1156.552768,0.009222632
71300,East Arnhem (S),9102.00111,553.1371341,6,1,2,NT,1,1,NA,387.3114821,960.4158988,0.024390241
72200,Katherine (T),9183.770295,919.5285508,66,2,12,NT,11,7,NA,299.9987811,1089.118634,0
72300,Litchfield (M),18999.99526,1070.924383,539,10,96,NT,17,10,NA,924.584184,1164.040743,0.047052394
72330,MacDonnell (S),5848,624.5691089,22,1,4,NT,7,4,NA,443.2774774,880.2692001,0.159541724
72800,Palmerston (C),27714,1014.882265,432,8,77,NT,16,9,NA,572.92485,1178.549706,0.001731977
73600,Roper Gulf (S),6121.228704,587.5360808,11,1,2,NT,3,2,NA,282.6284436,1009.419399,0.00081683
74050,Tiwi Islands (S),2578,589.305961,13,1,3,NT,4,3,NA,541.0257869,759.0398375,0
74500,Victoria-Daly (S),5916.636993,613.4922478,15,1,3,NT,5,3,NA,406.3454832,1001.508438,0
74560,Wagait (S),368.0014518,1011.324119,416,8,74,NT,15,9,NA,914.8346126,1011.32438,0
74660,West Arnhem (S),6223.999857,639.5544158,24,1,5,NT,8,5,NA,387.3114821,995.952924,0
79399,Unincorporated NT,7982.23048,965.6071195,188,4,34,NT,12,7,NA,637.7984885,1030.144566,0.104358002
89399,Unincorporated ACT,356526.998,1050.981458,515,10,92,ACT,1,NA,NA,568.703519,1262.849991,0.015224648